name,category
X00016469612,General
X00016469619,General
X00016469620,General
X00016469622,General
X00016469623,General
X00016469669,General
X00016469672,General
X00016469676,General
X51005200938,General
X51005230617,Food
X51005255805,General
X51005268200,General
X51005268262,General
X51005268400,Food
X51005268472,General
X51005301659,General
X51005301661,General
X51005301667,General
X51005303661,General
X51005306399,Transportation
X51005337872,Food
X51005361883,General
X51005361895,General
X51005361897,General
X51005361898,General
X51005361900,General
X51005361907,General
X51005361946,General
X51005361950,General
X51005365179,General
X51005433492,Food
X51005433494,General
X51005433514,Food
X51005433522,Food
X51005433533,General
X51005433538,Food
X51005433541,Food
X51005433552,Food
X51005433553,General
X51005441398,Food
X51005441401,Food
X51005441402,Food
X51005441407,Food
X51005441408,Food
X51005442327,Food
X51005442333,Food
X51005442338,Food
X51005442341,Food
X51005442344,General
X51005442346,Transportation
X51005442361,Food
X51005442376,Food
X51005442378,General
X51005442379,Food
X51005442383,Food
X51005442384,Food
X51005442386,Food
X51005442392,Food
X51005442394,Food
X51005442397,General
X51005444033,General
X51005444037,Food
X51005444045,General
X51005447832,Transportation
X51005447833,Transportation
X51005447839,Food
X51005447840,General
X51005447848,Food
X51005447850,General
X51005447852,General
X51005447853,General
X51005447860,General
X51005447861,General
X51005453729,General
X51005453801,General
X51005453802,General
X51005453804,General
X51005568827,Food
X51005568829,Food
X51005568880,General
X51005568881,General
X51005568884,General
X51005568891,General
X51005568898,General
X51005568899,General
X51005568900,General
X51005568911,General
X51005568913,General
X51005568914,General
X51005577192,General
X51005587254,General
X51005587267,General
X51005605284,General
X51005605285,General
X51005605286,General
X51005605333,General
X51005605334,General
X51005605335,General
X51005663272,General
X51005663273,General
X51005663276,General
X51005663277,General
X51005663278,General
X51005663279,General
X51005663280,Food
X51005663293,Food
X51005663297,General
X51005663298,Food
X51005663301,General
X51005663311,General
X51005663317,General
X51005663324,General
X51005675095,Transportation
X51005676536,General
X51005676538,General
X51005676539,General
X51005676540,General
X51005676541,General
X51005676543,General
X51005676544,General
X51005676545,General
X51005676546,General
X51005676547,General
X51005676549,General
X51005677328,General
X51005677329,General
X51005677331,General
X51005677332,General
X51005677334,General
X51005677335,General
X51005677339,General
X51005685355,Food
X51005685357,General
X51005705722,General
X51005705760,General
X51005705804,General
X51005711401,Food
X51005711403,Food
X51005711404,Food
X51005711441,Food
X51005711442,Food
X51005711445,Food
X51005711447,Food
X51005711451,Food
X51005711452,Food
X51005711453,Food
X51005711454,Food
X51005711456,Food
X51005712017,Food
X51005712021,Food
X51005712038,General
X51005712039,General
X51005715010,General
X51005715451,General
X51005715456,General
X51005717526,Food
X51005719814,Food
X51005719856,Entertainment
X51005719862,General
X51005719864,General
X51005719873,Food
X51005719874,Food
X51005719882,General
X51005719883,General
X51005719886,Food
X51005719893,Food
X51005719896,General
X51005719899,Food
X51005719902,Food
X51005719904,Food
X51005719906,Food
X51005719912,General
X51005719914,General
X51005719917,Food
X51005722668,General
X51005722699,General
X51005724554,General
X51005724621,General
X51005724627,General
X51005724629,General
X51005741944,Transportation
X51005742068,Transportation
X51005745183,General
X51005745187,General
X51005745188,General
X51005745190,General
X51005745214,General
X51005745249,Food
X51005745296,Food
X51005746140,General
X51005749895,General
X51005749905,General
X51005749912,General
X51005757199,General
X51005757201,General
X51005757235,General
X51005757243,General
X51005757248,General
X51005757273,General
X51005757286,General
X51005757290,General
X51005757294,General
X51005757304,General
X51005757323,General
X51005757324,General
X51005757346,General
X51005757349,General
X51005757351,General
X51005757353,General
X51005763940,General
X51005806678,General
X51005806679,General
X51005806685,General
X51005806698,General
X51005806702,General
X51005806703,General
X51005806716,General
X51005889296,General
X51006008057,General
X51006008073,General
X51006008074,General
X51006008086,General
X51006008089,General
X51006008091,General
X51006008095,General
X51006008197,Food
X51006311758,General
X51006311764,General
X51006311767,General
X51006311778,General
X51006311779,General
X51006311780,General
X51006327976,General
X51006327978,General
X51006328913,General
X51006328919,Food
X51006328920,Food
X51006329395,Food
X51006329399,General
X51006329402,General
X51006332575,General
X51006332649,General
X51006334699,General
X51006334741,General
X51006334926,Food
X51006335314,Food
X51006335547,General
X51006335552,General
X51006349086,Transportation
X51006350750,General
X51006350763,General
X51006387740,General
X51006387812,General
X51006387813,Food
X51006387847,General
X51006387850,General
X51006387932,General
X51006387951,Transportation
X51006387953,Transportation
X51006387971,General
X51006388044,General
X51006388064,General
X51006388065,General
X51006388066,General
X51006388069,General
X51006388082,General
X51006389865,Food
X51006389884,General
X51006389888,General
X51006389893,General
X51006389963,General
X51006392122,General
X51006392273,General
X51006392299,General
X51006392313,General
X51006393376,General
X51006393377,General
X51006401723,General
X51006401836,General
X51006401869,General
X51006401978,Food
X51006414392,Food
X51006414394,Food
X51006414429,Food
X51006414431,Food
X51006414470,Food
X51006414483,Food
X51006414485,Food
X51006414519,Transportation
X51006414533,Transportation
X51006414599,Food
X51006414631,Food
X51006414633,Food
X51006414636,General
X51006414638,General
X51006414671,Food
X51006414674,Food
X51006414675,Food
X51006414677,Food
X51006414679,Food
X51006414680,General
X51006414700,General
X51006414703,General
X51006414711,Food
X51006414712,Food
X51006414713,General
X51006414714,Food
X51006414718,General
X51006414719,General
X51006414720,General
X51006414721,Food
X51006414733,General
X51006441473,General
X51006441474,General
X51006466055,General
X51006466056,General
X51006466060,General
X51006466062,General
X51006466065,General
X51006466066,General
X51006466778,Food
X51006502529,General
X51006502531,General
X51006502533,Food
X51006554833,General
X51006555072,Entertainment
X51006555125,General
X51006555570,General
X51006555780,Food
X51006555784,General
X51006555806,General
X51006555814,General
X51006555817,General
X51006555818,General
X51006556591,General
X51006556596,General
X51006556604,General
X51006556646,General
X51006556650,General
X51006556656,General
X51006556726,General
X51006556730,General
X51006556732,General
X51006556738,General
X51006556815,General
X51006556818,General
X51006556823,General
X51006556824,General
X51006556825,General
X51006556828,General
X51006556830,General
X51006556831,General
X51006556838,General
X51006556839,General
X51006556840,General
X51006556841,General
X51006556852,General
X51006556861,General
X51006557117,General
X51006557119,General
X51006557161,General
X51006557164,General
X51006557168,General
X51006557170,General
X51006557178,General
X51006557179,General
X51006557184,General
X51006557185,General
X51006557188,General
X51006557193,General
X51006557195,General
X51006557198,General
X51006557199,General
X51006557202,General
X51006557210,General
X51006557213,General
X51006557508,General
X51006619341,General
X51006619342,General
X51006619343,General
X51006619496,General
X51006619545,General
X51006619550,General
X51006619561,General
X51006619563,General
X51006619566,General
X51006619694,General
X51006619696,General
X51006619697,Food
X51006619698,General
X51006619709,General
X51006619758,General
X51006619765,General
X51006619772,Food
X51006619777,General
X51006619780,General
X51006619783,Food
X51006619785,General
X51006619854,General
X51006619862,General
X51006620161,General
X51006620176,General
X51006620181,Food
X51006620186,General
X51006620187,General
X51006620189,General
X51006620190,General
X51006620191,General
X51006620414,Food
X51006647932,Food
X51006679216,Food
X51006679222,Food
X51006713996,General
X51006714065,General
X51006733494,General
X51006828217,General
X51006856981,General
X51006857071,General
X51006857265,General
X51006857660,General
X51006867435,General
X51006867436,General
X51006882603,General
X51006912960,Food
X51006912972,Food
X51006912974,Food
X51006913007,General
X51006913019,General
X51006913023,Food
X51006913024,Food
X51006913028,Food
X51006913030,Food
X51006913031,Food
X51006913051,Food
X51006913054,General
X51006913055,Food
X51006913059,Food
X51006913068,Food
X51006913070,Food
X51006913073,Food
X51006913074,Food
X51007103578,General
X51007103599,General
X51007103639,General
X51007103641,General
X51007103643,General
X51007103675,General
X51007103681,General
X51007103688,General
X51007103691,General
X51007103692,General
X51007103702,General
X51007135037,General
X51007135247,General
X51007225398,General
X51007225399,General
X51007225417,General
X51007225442,General
X51007228448,General
X51007231336,Food
X51007231338,Food
X51007231344,Food
X51007231361,Food
X51007231365,Food
X51007231370,Food
X51007231374,Food
X51007262315,Food
X51007262328,General
X51007262330,General
X51007339094,General
X51007339095,General
X51007339097,General
X51007339098,General
X51007339100,General
X51007339106,General
X51007339107,General
X51007339110,General
X51007339111,General
X51007339112,General
X51007339113,General
X51007339114,General
X51007339115,General
X51007339117,General
X51007339118,General
X51007339120,General
X51007339126,General
X51007339130,General
X51007339131,General
X51007339132,General
X51007339133,General
X51007339135,General
X51007339136,General
X51007339139,General
X51007339146,General
X51007339150,General
X51007339151,General
X51007339152,General
X51007339156,General
X51007339157,General
X51007339158,General
X51007339162,General
X51007339164,General
X51007339165,General
X51007339166,General
X51007339167,General
X51007339639,General
X51007339642,General
X51007339643,General
X51007339647,General
X51007339648,General
X51007339650,General
X51007339651,General
X51007339653,General
X51007339656,General
X51007339657,General
X51007339658,General
X51007391372,General
X51007419197,General
X51007579726,Transportation
X51007843145,Transportation
X51007846269,Food
X51007846270,Food
X51007846286,Food
X51007846301,Food
X51007846302,Food
X51007846305,General
X51007846307,Food
X51007846309,Food
X51007846325,General
X51007846326,Food
X51007846350,Food
X51007846353,Food
X51007846357,General
X51007846366,General
X51007846368,Food
X51007846370,Food
X51007846388,Food
X51007846391,Food
X51007846393,Food
X51007846395,Food
X51007846398,Food
X51007846410,General
X51007846412,Food
X51007846451,General
X51008030560,Food
X51008030565,Food
X51008030566,Food
X51008042777,Food
X51008042778,Food
X51008042782,Food
X51008042783,Food
X51008042791,Food
X51008042792,Food
X51008042793,Food
X51008063849,General
X51008064061,General
X51008099041,Food
X51008099043,Food
X51008099044,Food
X51008099046,Food
X51008099048,Food
X51008099049,Food
X51008099054,Food
X51008099071,Transportation
X51008099073,Transportation
X51008099081,Food
X51008099083,Food
X51008099084,Food
X51008099085,Food
X51008099087,Food
X51008099089,Food
X51008099102,Food
X51008114216,General
X51008114217,General
X51008114260,General
X51008114262,General
X51008114266,General
X51008114281,General
X51008114282,General
X51008114283,General
X51008114284,General
X51008114321,Transportation
X51008122920,General
X51008123446,Transportation
X51008123447,Transportation
X51008123450,Transportation
X51008123451,General
X51008123476,Transportation
X51008123580,General
X51008123586,General
X51008123599,General
X51008123604,General
X51008128052,Food
X51008128062,Food
X51008128065,General
X51008142005,Food
X51008142030,Food
X51008142031,Food
X51008142032,Food
X51008142033,Food
X51008142034,General
X51008142038,General
X51008142058,General
X51008142059,General
X51008142060,General
X51008142061,General
X51008142062,General
X51008142063,General
X51008142065,General
X51008142068,General
X51008145450,General
X51008145504,General
X51008145505,General
X51008164420,General
X51008164510,General
X51008164524,General
X51008164525,General
X51008164969,Food
X51008164991,Food
X51008164992,Food
X51008164996,Food
X51008164997,Food
X51008164998,Food
X51008164999,Food
X51009453804,General
